date	ip	agent
2021-07-09 18:18:34	127.0.0.1	Mozilla/5.0 (Macintosh; Intel Mac OS X 10_15_7) AppleWebKit/537.36 (KHTML, like Gecko) Chrome/91.0.4472.114 Safari/537.36
2022-02-28 10:30:55	152.16.191.139	Mozilla/5.0 (Macintosh; Intel Mac OS X 10_15_7) AppleWebKit/537.36 (KHTML, like Gecko) Chrome/98.0.4758.102 Safari/537.36
2022-02-28 10:31:46	152.16.191.139	Mozilla/5.0 (Macintosh; Intel Mac OS X 10_15_7) AppleWebKit/537.36 (KHTML, like Gecko) Chrome/98.0.4758.102 Safari/537.36
2022-02-28 13:48:44	152.16.191.139	Mozilla/5.0 (Macintosh; Intel Mac OS X 11_5_2) AppleWebKit/537.36 (KHTML, like Gecko) QtWebEngine/5.12.10 Chrome/69.0.3497.128 Safari/537.36
2022-03-01 10:22:35	152.16.191.139	Mozilla/5.0 (Macintosh; Intel Mac OS X 11_5_2) AppleWebKit/537.36 (KHTML, like Gecko) QtWebEngine/5.12.10 Chrome/69.0.3497.128 Safari/537.36
2022-03-01 10:31:31	152.16.191.139	Mozilla/5.0 (Macintosh; Intel Mac OS X 11_5_2) AppleWebKit/537.36 (KHTML, like Gecko) QtWebEngine/5.12.10 Chrome/69.0.3497.128 Safari/537.36
2022-03-01 10:37:54	152.16.191.139	Mozilla/5.0 (Macintosh; Intel Mac OS X 11_5_2) AppleWebKit/537.36 (KHTML, like Gecko) QtWebEngine/5.12.10 Chrome/69.0.3497.128 Safari/537.36
2022-03-01 10:46:27	152.16.191.139	Mozilla/5.0 (Macintosh; Intel Mac OS X 11_5_2) AppleWebKit/537.36 (KHTML, like Gecko) QtWebEngine/5.12.10 Chrome/69.0.3497.128 Safari/537.36
2022-03-01 10:53:39	152.16.191.139	Mozilla/5.0 (Macintosh; Intel Mac OS X 11_5_2) AppleWebKit/537.36 (KHTML, like Gecko) QtWebEngine/5.12.10 Chrome/69.0.3497.128 Safari/537.36
2022-03-01 11:04:33	152.16.191.139	Mozilla/5.0 (Macintosh; Intel Mac OS X 11_5_2) AppleWebKit/537.36 (KHTML, like Gecko) QtWebEngine/5.12.10 Chrome/69.0.3497.128 Safari/537.36
2022-03-01 11:22:41	152.16.191.139	Mozilla/5.0 (Macintosh; Intel Mac OS X 11_5_2) AppleWebKit/537.36 (KHTML, like Gecko) QtWebEngine/5.12.10 Chrome/69.0.3497.128 Safari/537.36
2022-03-01 11:42:01	152.16.191.139	Mozilla/5.0 (Macintosh; Intel Mac OS X 11_5_2) AppleWebKit/537.36 (KHTML, like Gecko) QtWebEngine/5.12.10 Chrome/69.0.3497.128 Safari/537.36
2022-03-03 12:09:23	152.16.191.139	Mozilla/5.0 (Macintosh; Intel Mac OS X 11_5_2) AppleWebKit/537.36 (KHTML, like Gecko) QtWebEngine/5.12.10 Chrome/69.0.3497.128 Safari/537.36
2022-03-03 12:20:05	152.16.191.139	Mozilla/5.0 (Macintosh; Intel Mac OS X 11_5_2) AppleWebKit/537.36 (KHTML, like Gecko) QtWebEngine/5.12.10 Chrome/69.0.3497.128 Safari/537.36
2022-03-03 12:21:09	152.16.191.139	Mozilla/5.0 (Macintosh; Intel Mac OS X 11_5_2) AppleWebKit/537.36 (KHTML, like Gecko) QtWebEngine/5.12.10 Chrome/69.0.3497.128 Safari/537.36
2022-03-03 12:23:54	152.16.191.139	Mozilla/5.0 (Macintosh; Intel Mac OS X 11_5_2) AppleWebKit/537.36 (KHTML, like Gecko) QtWebEngine/5.12.10 Chrome/69.0.3497.128 Safari/537.36
2022-03-03 12:26:11	152.16.191.139	Mozilla/5.0 (Macintosh; Intel Mac OS X 11_5_2) AppleWebKit/537.36 (KHTML, like Gecko) QtWebEngine/5.12.10 Chrome/69.0.3497.128 Safari/537.36
2022-03-03 12:32:32	152.16.191.139	Mozilla/5.0 (Macintosh; Intel Mac OS X 11_5_2) AppleWebKit/537.36 (KHTML, like Gecko) QtWebEngine/5.12.10 Chrome/69.0.3497.128 Safari/537.36
2022-03-03 13:06:11	152.16.191.139	Mozilla/5.0 (Macintosh; Intel Mac OS X 11_5_2) AppleWebKit/537.36 (KHTML, like Gecko) QtWebEngine/5.12.10 Chrome/69.0.3497.128 Safari/537.36
2022-03-03 13:15:25	152.16.191.139	Mozilla/5.0 (Macintosh; Intel Mac OS X 11_5_2) AppleWebKit/537.36 (KHTML, like Gecko) QtWebEngine/5.12.10 Chrome/69.0.3497.128 Safari/537.36
2022-03-03 13:17:32	152.16.191.139	Mozilla/5.0 (Macintosh; Intel Mac OS X 11_5_2) AppleWebKit/537.36 (KHTML, like Gecko) QtWebEngine/5.12.10 Chrome/69.0.3497.128 Safari/537.36
2022-03-03 13:22:52	152.16.191.100	Mozilla/5.0 (Macintosh; Intel Mac OS X 11_5_2) AppleWebKit/537.36 (KHTML, like Gecko) QtWebEngine/5.12.10 Chrome/69.0.3497.128 Safari/537.36
2022-05-18 18:00:24	152.16.191.138	Mozilla/5.0 (Macintosh; Intel Mac OS X 11_5_2) AppleWebKit/537.36 (KHTML, like Gecko) QtWebEngine/5.12.10 Chrome/69.0.3497.128 Safari/537.36
2022-05-18 18:01:30	152.16.191.138	Mozilla/5.0 (Macintosh; Intel Mac OS X 11_5_2) AppleWebKit/537.36 (KHTML, like Gecko) QtWebEngine/5.12.10 Chrome/69.0.3497.128 Safari/537.36
2022-05-18 18:06:09	152.16.191.138	Mozilla/5.0 (Macintosh; Intel Mac OS X 11_5_2) AppleWebKit/537.36 (KHTML, like Gecko) QtWebEngine/5.12.10 Chrome/69.0.3497.128 Safari/537.36
2022-07-06 15:33:55	152.16.191.137	Mozilla/5.0 (Macintosh; Intel Mac OS X 11_5_2) AppleWebKit/537.36 (KHTML, like Gecko) QtWebEngine/5.12.10 Chrome/69.0.3497.128 Safari/537.36
2022-07-27 13:21:14	152.16.191.141	Mozilla/5.0 (Macintosh; Intel Mac OS X 11_5_2) AppleWebKit/537.36 (KHTML, like Gecko) QtWebEngine/5.12.10 Chrome/69.0.3497.128 Safari/537.36
2022-07-27 13:56:10	152.16.191.141	Mozilla/5.0 (Macintosh; Intel Mac OS X 11_5_2) AppleWebKit/537.36 (KHTML, like Gecko) QtWebEngine/5.12.10 Chrome/69.0.3497.128 Safari/537.36
2022-07-27 14:56:50	152.16.191.141	Mozilla/5.0 (Macintosh; Intel Mac OS X 11_5_2) AppleWebKit/537.36 (KHTML, like Gecko) QtWebEngine/5.12.10 Chrome/69.0.3497.128 Safari/537.36
2022-07-27 14:58:08	152.16.191.141	Mozilla/5.0 (Macintosh; Intel Mac OS X 11_5_2) AppleWebKit/537.36 (KHTML, like Gecko) QtWebEngine/5.12.10 Chrome/69.0.3497.128 Safari/537.36
2022-07-27 14:59:02	152.16.191.141	Mozilla/5.0 (Macintosh; Intel Mac OS X 11_5_2) AppleWebKit/537.36 (KHTML, like Gecko) QtWebEngine/5.12.10 Chrome/69.0.3497.128 Safari/537.36
2022-07-27 15:17:53	152.16.191.141	Mozilla/5.0 (Macintosh; Intel Mac OS X 11_5_2) AppleWebKit/537.36 (KHTML, like Gecko) QtWebEngine/5.12.10 Chrome/69.0.3497.128 Safari/537.36
2022-08-10 09:21:41	152.16.191.135	Mozilla/5.0 (Macintosh; Intel Mac OS X 11_5_2) AppleWebKit/537.36 (KHTML, like Gecko) QtWebEngine/5.12.10 Chrome/69.0.3497.128 Safari/537.36
2022-08-10 09:21:51	152.16.191.135	Mozilla/5.0 (Macintosh; Intel Mac OS X 10_15_7) AppleWebKit/537.36 (KHTML, like Gecko) Chrome/104.0.0.0 Safari/537.36
2022-08-10 09:24:30	152.16.191.135	Mozilla/5.0 (Macintosh; Intel Mac OS X 11_5_2) AppleWebKit/537.36 (KHTML, like Gecko) QtWebEngine/5.12.10 Chrome/69.0.3497.128 Safari/537.36
2022-08-10 09:24:47	152.16.191.135	Mozilla/5.0 (Macintosh; Intel Mac OS X 11_5_2) AppleWebKit/537.36 (KHTML, like Gecko) QtWebEngine/5.12.10 Chrome/69.0.3497.128 Safari/537.36
2022-08-10 09:24:49	152.16.191.135	Mozilla/5.0 (Macintosh; Intel Mac OS X 10_15_7) AppleWebKit/537.36 (KHTML, like Gecko) Chrome/104.0.0.0 Safari/537.36
2022-08-10 09:25:33	152.16.191.135	Mozilla/5.0 (Macintosh; Intel Mac OS X 10_15_7) AppleWebKit/537.36 (KHTML, like Gecko) Chrome/104.0.0.0 Safari/537.36
2022-08-10 09:26:47	152.16.191.135	Mozilla/5.0 (Macintosh; Intel Mac OS X 10_15_7) AppleWebKit/537.36 (KHTML, like Gecko) Chrome/104.0.0.0 Safari/537.36
2022-08-10 09:35:03	152.16.191.135	Mozilla/5.0 (Macintosh; Intel Mac OS X 11_5_2) AppleWebKit/537.36 (KHTML, like Gecko) QtWebEngine/5.12.10 Chrome/69.0.3497.128 Safari/537.36
2022-08-10 09:35:48	152.16.191.135	Mozilla/5.0 (Macintosh; Intel Mac OS X 11_5_2) AppleWebKit/537.36 (KHTML, like Gecko) QtWebEngine/5.12.10 Chrome/69.0.3497.128 Safari/537.36
2022-08-10 09:36:01	152.16.191.135	Mozilla/5.0 (Macintosh; Intel Mac OS X 11_5_2) AppleWebKit/537.36 (KHTML, like Gecko) QtWebEngine/5.12.10 Chrome/69.0.3497.128 Safari/537.36
2022-08-10 09:36:57	152.16.191.135	Mozilla/5.0 (Macintosh; Intel Mac OS X 11_5_2) AppleWebKit/537.36 (KHTML, like Gecko) QtWebEngine/5.12.10 Chrome/69.0.3497.128 Safari/537.36
2022-08-10 09:38:41	152.16.191.135	Mozilla/5.0 (Macintosh; Intel Mac OS X 10_15_7) AppleWebKit/537.36 (KHTML, like Gecko) Chrome/104.0.0.0 Safari/537.36
2022-08-10 09:39:30	152.16.191.135	Mozilla/5.0 (Macintosh; Intel Mac OS X 10_15_7) AppleWebKit/537.36 (KHTML, like Gecko) Chrome/104.0.0.0 Safari/537.36
2022-08-10 09:42:49	152.16.191.135	Mozilla/5.0 (Macintosh; Intel Mac OS X 11_5_2) AppleWebKit/537.36 (KHTML, like Gecko) QtWebEngine/5.12.10 Chrome/69.0.3497.128 Safari/537.36
2022-08-10 09:42:56	152.16.191.135	Mozilla/5.0 (Macintosh; Intel Mac OS X 10_15_7) AppleWebKit/537.36 (KHTML, like Gecko) Chrome/104.0.0.0 Safari/537.36
2022-08-10 09:44:43	152.16.191.135	Mozilla/5.0 (Macintosh; Intel Mac OS X 11_5_2) AppleWebKit/537.36 (KHTML, like Gecko) QtWebEngine/5.12.10 Chrome/69.0.3497.128 Safari/537.36
2022-08-10 09:44:49	152.16.191.135	Mozilla/5.0 (Macintosh; Intel Mac OS X 10_15_7) AppleWebKit/537.36 (KHTML, like Gecko) Chrome/104.0.0.0 Safari/537.36
2022-08-10 09:47:31	152.16.191.135	Mozilla/5.0 (Macintosh; Intel Mac OS X 11_5_2) AppleWebKit/537.36 (KHTML, like Gecko) QtWebEngine/5.12.10 Chrome/69.0.3497.128 Safari/537.36
2022-08-10 09:47:37	152.16.191.135	Mozilla/5.0 (Macintosh; Intel Mac OS X 10_15_7) AppleWebKit/537.36 (KHTML, like Gecko) Chrome/104.0.0.0 Safari/537.36
2022-08-10 09:49:21	152.16.191.135	Mozilla/5.0 (Macintosh; Intel Mac OS X 11_5_2) AppleWebKit/537.36 (KHTML, like Gecko) QtWebEngine/5.12.10 Chrome/69.0.3497.128 Safari/537.36
2022-08-10 09:49:25	152.16.191.135	Mozilla/5.0 (Macintosh; Intel Mac OS X 10_15_7) AppleWebKit/537.36 (KHTML, like Gecko) Chrome/104.0.0.0 Safari/537.36
2022-08-10 09:55:19	152.16.191.135	Mozilla/5.0 (Macintosh; Intel Mac OS X 11_5_2) AppleWebKit/537.36 (KHTML, like Gecko) QtWebEngine/5.12.10 Chrome/69.0.3497.128 Safari/537.36
2022-08-10 09:55:23	152.16.191.135	Mozilla/5.0 (Macintosh; Intel Mac OS X 10_15_7) AppleWebKit/537.36 (KHTML, like Gecko) Chrome/104.0.0.0 Safari/537.36
2022-08-10 10:01:45	152.16.191.135	Mozilla/5.0 (Macintosh; Intel Mac OS X 11_5_2) AppleWebKit/537.36 (KHTML, like Gecko) QtWebEngine/5.12.10 Chrome/69.0.3497.128 Safari/537.36
2022-08-10 10:01:58	152.16.191.135	Mozilla/5.0 (Macintosh; Intel Mac OS X 10_15_7) AppleWebKit/537.36 (KHTML, like Gecko) Chrome/104.0.0.0 Safari/537.36
2022-08-10 10:02:06	152.16.191.135	Mozilla/5.0 (Macintosh; Intel Mac OS X 10_15_7) AppleWebKit/537.36 (KHTML, like Gecko) Chrome/104.0.0.0 Safari/537.36
2022-08-10 10:02:49	152.16.191.135	Mozilla/5.0 (Macintosh; Intel Mac OS X 10_15_7) AppleWebKit/537.36 (KHTML, like Gecko) Chrome/104.0.0.0 Safari/537.36
2022-08-12 11:01:43	152.16.191.122	Mozilla/5.0 (Macintosh; Intel Mac OS X 11_5_2) AppleWebKit/537.36 (KHTML, like Gecko) QtWebEngine/5.12.10 Chrome/69.0.3497.128 Safari/537.36
2022-08-14 08:39:18	152.16.191.130	Mozilla/5.0 (Macintosh; Intel Mac OS X 11_5_2) AppleWebKit/537.36 (KHTML, like Gecko) QtWebEngine/5.12.10 Chrome/69.0.3497.128 Safari/537.36
2022-08-14 08:41:12	152.16.191.130	Mozilla/5.0 (Macintosh; Intel Mac OS X 11_5_2) AppleWebKit/537.36 (KHTML, like Gecko) QtWebEngine/5.12.10 Chrome/69.0.3497.128 Safari/537.36
2022-08-14 08:44:34	152.16.191.130	Mozilla/5.0 (Macintosh; Intel Mac OS X 11_5_2) AppleWebKit/537.36 (KHTML, like Gecko) QtWebEngine/5.12.10 Chrome/69.0.3497.128 Safari/537.36
2022-08-14 08:46:28	152.16.191.130	Mozilla/5.0 (Macintosh; Intel Mac OS X 11_5_2) AppleWebKit/537.36 (KHTML, like Gecko) QtWebEngine/5.12.10 Chrome/69.0.3497.128 Safari/537.36
2022-08-14 08:47:21	152.16.191.130	Mozilla/5.0 (Macintosh; Intel Mac OS X 11_5_2) AppleWebKit/537.36 (KHTML, like Gecko) QtWebEngine/5.12.10 Chrome/69.0.3497.128 Safari/537.36
2022-08-14 08:49:41	152.16.191.130	Mozilla/5.0 (Macintosh; Intel Mac OS X 11_5_2) AppleWebKit/537.36 (KHTML, like Gecko) QtWebEngine/5.12.10 Chrome/69.0.3497.128 Safari/537.36
2022-08-14 08:51:55	152.16.191.130	Mozilla/5.0 (Macintosh; Intel Mac OS X 11_5_2) AppleWebKit/537.36 (KHTML, like Gecko) QtWebEngine/5.12.10 Chrome/69.0.3497.128 Safari/537.36
2022-08-14 08:53:46	152.16.191.130	Mozilla/5.0 (Macintosh; Intel Mac OS X 11_5_2) AppleWebKit/537.36 (KHTML, like Gecko) QtWebEngine/5.12.10 Chrome/69.0.3497.128 Safari/537.36
2022-08-14 08:58:14	152.16.191.130	Mozilla/5.0 (Macintosh; Intel Mac OS X 11_5_2) AppleWebKit/537.36 (KHTML, like Gecko) QtWebEngine/5.12.10 Chrome/69.0.3497.128 Safari/537.36
2022-08-14 08:59:01	152.16.191.130	Mozilla/5.0 (Macintosh; Intel Mac OS X 11_5_2) AppleWebKit/537.36 (KHTML, like Gecko) QtWebEngine/5.12.10 Chrome/69.0.3497.128 Safari/537.36
2022-08-14 08:59:11	152.16.191.130	Mozilla/5.0 (Macintosh; Intel Mac OS X 11_5_2) AppleWebKit/537.36 (KHTML, like Gecko) QtWebEngine/5.12.10 Chrome/69.0.3497.128 Safari/537.36
2022-08-14 09:02:21	152.16.191.130	Mozilla/5.0 (Macintosh; Intel Mac OS X 11_5_2) AppleWebKit/537.36 (KHTML, like Gecko) QtWebEngine/5.12.10 Chrome/69.0.3497.128 Safari/537.36
2022-08-14 09:04:56	152.16.191.130	Mozilla/5.0 (Macintosh; Intel Mac OS X 11_5_2) AppleWebKit/537.36 (KHTML, like Gecko) QtWebEngine/5.12.10 Chrome/69.0.3497.128 Safari/537.36
2022-08-14 09:07:23	152.16.191.130	Mozilla/5.0 (Macintosh; Intel Mac OS X 11_5_2) AppleWebKit/537.36 (KHTML, like Gecko) QtWebEngine/5.12.10 Chrome/69.0.3497.128 Safari/537.36
2022-08-14 09:10:52	152.16.191.130	Mozilla/5.0 (Macintosh; Intel Mac OS X 11_5_2) AppleWebKit/537.36 (KHTML, like Gecko) QtWebEngine/5.12.10 Chrome/69.0.3497.128 Safari/537.36
2022-08-14 09:13:00	152.16.191.130	Mozilla/5.0 (Macintosh; Intel Mac OS X 11_5_2) AppleWebKit/537.36 (KHTML, like Gecko) QtWebEngine/5.12.10 Chrome/69.0.3497.128 Safari/537.36
2022-08-14 09:20:40	152.16.191.130	Mozilla/5.0 (Macintosh; Intel Mac OS X 11_5_2) AppleWebKit/537.36 (KHTML, like Gecko) QtWebEngine/5.12.10 Chrome/69.0.3497.128 Safari/537.36
2022-08-14 09:26:23	152.16.191.130	Mozilla/5.0 (Macintosh; Intel Mac OS X 11_5_2) AppleWebKit/537.36 (KHTML, like Gecko) QtWebEngine/5.12.10 Chrome/69.0.3497.128 Safari/537.36
2022-08-14 09:28:45	152.16.191.130	Mozilla/5.0 (Macintosh; Intel Mac OS X 11_5_2) AppleWebKit/537.36 (KHTML, like Gecko) QtWebEngine/5.12.10 Chrome/69.0.3497.128 Safari/537.36
2022-08-14 09:33:49	152.16.191.130	Mozilla/5.0 (Macintosh; Intel Mac OS X 11_5_2) AppleWebKit/537.36 (KHTML, like Gecko) QtWebEngine/5.12.10 Chrome/69.0.3497.128 Safari/537.36
2022-08-14 09:36:49	152.16.191.130	Mozilla/5.0 (Macintosh; Intel Mac OS X 11_5_2) AppleWebKit/537.36 (KHTML, like Gecko) QtWebEngine/5.12.10 Chrome/69.0.3497.128 Safari/537.36
2022-08-14 09:38:00	152.16.191.130	Mozilla/5.0 (Macintosh; Intel Mac OS X 11_5_2) AppleWebKit/537.36 (KHTML, like Gecko) QtWebEngine/5.12.10 Chrome/69.0.3497.128 Safari/537.36
2022-08-14 09:40:34	73.99.215.242	Mozilla/5.0 (Macintosh; Intel Mac OS X 11_5_2) AppleWebKit/537.36 (KHTML, like Gecko) QtWebEngine/5.12.10 Chrome/69.0.3497.128 Safari/537.36
2022-08-14 09:48:28	73.99.215.242	Mozilla/5.0 (Macintosh; Intel Mac OS X 11_5_2) AppleWebKit/537.36 (KHTML, like Gecko) QtWebEngine/5.12.10 Chrome/69.0.3497.128 Safari/537.36
2022-08-14 09:50:41	73.99.215.242	Mozilla/5.0 (Macintosh; Intel Mac OS X 11_5_2) AppleWebKit/537.36 (KHTML, like Gecko) QtWebEngine/5.12.10 Chrome/69.0.3497.128 Safari/537.36
2022-08-14 09:56:19	73.99.215.242	Mozilla/5.0 (Macintosh; Intel Mac OS X 11_5_2) AppleWebKit/537.36 (KHTML, like Gecko) QtWebEngine/5.12.10 Chrome/69.0.3497.128 Safari/537.36
2022-08-14 10:05:22	73.99.215.242	Mozilla/5.0 (Macintosh; Intel Mac OS X 11_5_2) AppleWebKit/537.36 (KHTML, like Gecko) QtWebEngine/5.12.10 Chrome/69.0.3497.128 Safari/537.36
2022-08-14 10:20:54	152.16.191.126	Mozilla/5.0 (Macintosh; Intel Mac OS X 11_5_2) AppleWebKit/537.36 (KHTML, like Gecko) QtWebEngine/5.12.10 Chrome/69.0.3497.128 Safari/537.36
2022-08-14 10:21:29	152.16.191.126	Mozilla/5.0 (Macintosh; Intel Mac OS X 11_5_2) AppleWebKit/537.36 (KHTML, like Gecko) QtWebEngine/5.12.10 Chrome/69.0.3497.128 Safari/537.36
2022-08-14 10:27:44	152.16.191.126	Mozilla/5.0 (Macintosh; Intel Mac OS X 11_5_2) AppleWebKit/537.36 (KHTML, like Gecko) QtWebEngine/5.12.10 Chrome/69.0.3497.128 Safari/537.36
2022-08-19 12:15:23	152.16.191.124	Mozilla/5.0 (Macintosh; Intel Mac OS X 11_5_2) AppleWebKit/537.36 (KHTML, like Gecko) QtWebEngine/5.12.10 Chrome/69.0.3497.128 Safari/537.36
2022-08-19 12:17:19	152.16.191.124	Mozilla/5.0 (Macintosh; Intel Mac OS X 11_5_2) AppleWebKit/537.36 (KHTML, like Gecko) QtWebEngine/5.12.10 Chrome/69.0.3497.128 Safari/537.36
2022-08-19 12:30:11	152.16.191.124	Mozilla/5.0 (Macintosh; Intel Mac OS X 11_5_2) AppleWebKit/537.36 (KHTML, like Gecko) QtWebEngine/5.12.10 Chrome/69.0.3497.128 Safari/537.36
2022-08-19 12:33:05	152.16.191.124	Mozilla/5.0 (Macintosh; Intel Mac OS X 11_5_2) AppleWebKit/537.36 (KHTML, like Gecko) QtWebEngine/5.12.10 Chrome/69.0.3497.128 Safari/537.36
2022-08-19 12:50:12	152.16.191.124	Mozilla/5.0 (Macintosh; Intel Mac OS X 11_5_2) AppleWebKit/537.36 (KHTML, like Gecko) QtWebEngine/5.12.10 Chrome/69.0.3497.128 Safari/537.36
2022-08-19 12:52:26	152.16.191.124	Mozilla/5.0 (Macintosh; Intel Mac OS X 11_5_2) AppleWebKit/537.36 (KHTML, like Gecko) QtWebEngine/5.12.10 Chrome/69.0.3497.128 Safari/537.36
2022-08-19 12:57:38	152.16.191.124	Mozilla/5.0 (Macintosh; Intel Mac OS X 11_5_2) AppleWebKit/537.36 (KHTML, like Gecko) QtWebEngine/5.12.10 Chrome/69.0.3497.128 Safari/537.36
2022-08-19 13:00:05	152.16.191.124	Mozilla/5.0 (Macintosh; Intel Mac OS X 10_15_7) AppleWebKit/537.36 (KHTML, like Gecko) Chrome/104.0.0.0 Safari/537.36
2022-08-19 13:01:42	152.16.191.124	Mozilla/5.0 (Macintosh; Intel Mac OS X 11_5_2) AppleWebKit/537.36 (KHTML, like Gecko) QtWebEngine/5.12.10 Chrome/69.0.3497.128 Safari/537.36
2022-08-19 13:03:31	152.16.191.124	Mozilla/5.0 (Macintosh; Intel Mac OS X 11_5_2) AppleWebKit/537.36 (KHTML, like Gecko) QtWebEngine/5.12.10 Chrome/69.0.3497.128 Safari/537.36
2022-08-29 14:46:07	152.16.191.136	Mozilla/5.0 (Macintosh; Intel Mac OS X 11_5_2) AppleWebKit/537.36 (KHTML, like Gecko) QtWebEngine/5.12.10 Chrome/69.0.3497.128 Safari/537.36
2022-08-29 15:11:09	152.16.191.136	Mozilla/5.0 (Macintosh; Intel Mac OS X 11_5_2) AppleWebKit/537.36 (KHTML, like Gecko) QtWebEngine/5.12.10 Chrome/69.0.3497.128 Safari/537.36
2022-08-29 15:38:09	152.16.191.136	Mozilla/5.0 (Macintosh; Intel Mac OS X 11_5_2) AppleWebKit/537.36 (KHTML, like Gecko) QtWebEngine/5.12.10 Chrome/69.0.3497.128 Safari/537.36
2022-08-29 15:46:56	152.16.191.136	Mozilla/5.0 (Macintosh; Intel Mac OS X 11_5_2) AppleWebKit/537.36 (KHTML, like Gecko) QtWebEngine/5.12.10 Chrome/69.0.3497.128 Safari/537.36
2022-08-29 16:07:02	152.16.191.136	Mozilla/5.0 (Macintosh; Intel Mac OS X 11_5_2) AppleWebKit/537.36 (KHTML, like Gecko) QtWebEngine/5.12.10 Chrome/69.0.3497.128 Safari/537.36
2022-08-29 16:08:36	152.16.191.136	Mozilla/5.0 (Macintosh; Intel Mac OS X 11_5_2) AppleWebKit/537.36 (KHTML, like Gecko) QtWebEngine/5.12.10 Chrome/69.0.3497.128 Safari/537.36
2022-08-29 16:10:14	152.16.191.136	Mozilla/5.0 (Macintosh; Intel Mac OS X 11_5_2) AppleWebKit/537.36 (KHTML, like Gecko) QtWebEngine/5.12.10 Chrome/69.0.3497.128 Safari/537.36
2022-08-29 16:15:53	152.16.191.136	Mozilla/5.0 (Macintosh; Intel Mac OS X 11_5_2) AppleWebKit/537.36 (KHTML, like Gecko) QtWebEngine/5.12.10 Chrome/69.0.3497.128 Safari/537.36
2022-08-29 16:19:10	152.16.191.136	Mozilla/5.0 (Macintosh; Intel Mac OS X 11_5_2) AppleWebKit/537.36 (KHTML, like Gecko) QtWebEngine/5.12.10 Chrome/69.0.3497.128 Safari/537.36
2022-08-29 16:27:22	152.16.191.136	Mozilla/5.0 (Macintosh; Intel Mac OS X 11_5_2) AppleWebKit/537.36 (KHTML, like Gecko) QtWebEngine/5.12.10 Chrome/69.0.3497.128 Safari/537.36
2022-08-29 16:32:52	152.16.191.136	Mozilla/5.0 (Macintosh; Intel Mac OS X 11_5_2) AppleWebKit/537.36 (KHTML, like Gecko) QtWebEngine/5.12.10 Chrome/69.0.3497.128 Safari/537.36
2022-08-29 16:50:12	152.16.191.136	Mozilla/5.0 (Macintosh; Intel Mac OS X 11_5_2) AppleWebKit/537.36 (KHTML, like Gecko) QtWebEngine/5.12.10 Chrome/69.0.3497.128 Safari/537.36
2022-08-29 16:51:58	152.16.191.136	Mozilla/5.0 (Macintosh; Intel Mac OS X 11_5_2) AppleWebKit/537.36 (KHTML, like Gecko) QtWebEngine/5.12.10 Chrome/69.0.3497.128 Safari/537.36
2022-08-29 17:02:16	152.16.191.136	Mozilla/5.0 (Macintosh; Intel Mac OS X 11_5_2) AppleWebKit/537.36 (KHTML, like Gecko) QtWebEngine/5.12.10 Chrome/69.0.3497.128 Safari/537.36
2022-08-29 17:07:57	152.16.191.136	Mozilla/5.0 (Macintosh; Intel Mac OS X 11_5_2) AppleWebKit/537.36 (KHTML, like Gecko) QtWebEngine/5.12.10 Chrome/69.0.3497.128 Safari/537.36
2022-08-29 17:10:13	152.16.191.136	Mozilla/5.0 (Macintosh; Intel Mac OS X 11_5_2) AppleWebKit/537.36 (KHTML, like Gecko) QtWebEngine/5.12.10 Chrome/69.0.3497.128 Safari/537.36
2022-08-29 17:48:15	152.16.191.136	Mozilla/5.0 (Macintosh; Intel Mac OS X 11_5_2) AppleWebKit/537.36 (KHTML, like Gecko) QtWebEngine/5.12.10 Chrome/69.0.3497.128 Safari/537.36
2022-08-29 17:52:48	152.16.191.136	Mozilla/5.0 (Macintosh; Intel Mac OS X 11_5_2) AppleWebKit/537.36 (KHTML, like Gecko) QtWebEngine/5.12.10 Chrome/69.0.3497.128 Safari/537.36
2022-08-29 18:07:05	152.16.191.136	Mozilla/5.0 (Macintosh; Intel Mac OS X 11_5_2) AppleWebKit/537.36 (KHTML, like Gecko) QtWebEngine/5.12.10 Chrome/69.0.3497.128 Safari/537.36
2022-08-30 17:17:13	152.16.191.136	Mozilla/5.0 (Macintosh; Intel Mac OS X 11_5_2) AppleWebKit/537.36 (KHTML, like Gecko) QtWebEngine/5.12.10 Chrome/69.0.3497.128 Safari/537.36
2022-08-30 17:19:04	152.16.191.136	Mozilla/5.0 (Macintosh; Intel Mac OS X 11_5_2) AppleWebKit/537.36 (KHTML, like Gecko) QtWebEngine/5.12.10 Chrome/69.0.3497.128 Safari/537.36
2022-08-30 17:19:55	152.16.191.136	Mozilla/5.0 (Macintosh; Intel Mac OS X 11_5_2) AppleWebKit/537.36 (KHTML, like Gecko) QtWebEngine/5.12.10 Chrome/69.0.3497.128 Safari/537.36
2022-08-30 17:29:28	152.16.191.136	Mozilla/5.0 (Macintosh; Intel Mac OS X 11_5_2) AppleWebKit/537.36 (KHTML, like Gecko) QtWebEngine/5.12.10 Chrome/69.0.3497.128 Safari/537.36
2022-08-30 17:30:19	152.16.191.136	Mozilla/5.0 (Macintosh; Intel Mac OS X 11_5_2) AppleWebKit/537.36 (KHTML, like Gecko) QtWebEngine/5.12.10 Chrome/69.0.3497.128 Safari/537.36
2022-08-30 17:31:02	152.16.191.136	Mozilla/5.0 (Macintosh; Intel Mac OS X 11_5_2) AppleWebKit/537.36 (KHTML, like Gecko) QtWebEngine/5.12.10 Chrome/69.0.3497.128 Safari/537.36
2022-08-30 17:34:58	152.16.191.136	Mozilla/5.0 (Macintosh; Intel Mac OS X 11_5_2) AppleWebKit/537.36 (KHTML, like Gecko) QtWebEngine/5.12.10 Chrome/69.0.3497.128 Safari/537.36
2022-08-30 17:36:02	152.16.191.136	Mozilla/5.0 (Macintosh; Intel Mac OS X 11_5_2) AppleWebKit/537.36 (KHTML, like Gecko) QtWebEngine/5.12.10 Chrome/69.0.3497.128 Safari/537.36
2022-08-30 17:39:12	152.16.191.136	Mozilla/5.0 (Macintosh; Intel Mac OS X 11_5_2) AppleWebKit/537.36 (KHTML, like Gecko) QtWebEngine/5.12.10 Chrome/69.0.3497.128 Safari/537.36
2022-08-30 17:40:01	152.16.191.136	Mozilla/5.0 (Macintosh; Intel Mac OS X 11_5_2) AppleWebKit/537.36 (KHTML, like Gecko) QtWebEngine/5.12.10 Chrome/69.0.3497.128 Safari/537.36
2022-08-30 17:41:46	152.16.191.136	Mozilla/5.0 (Macintosh; Intel Mac OS X 11_5_2) AppleWebKit/537.36 (KHTML, like Gecko) QtWebEngine/5.12.10 Chrome/69.0.3497.128 Safari/537.36
2022-08-30 17:42:21	152.16.191.136	Mozilla/5.0 (Macintosh; Intel Mac OS X 11_5_2) AppleWebKit/537.36 (KHTML, like Gecko) QtWebEngine/5.12.10 Chrome/69.0.3497.128 Safari/537.36
2022-08-30 17:47:22	152.16.191.136	Mozilla/5.0 (Macintosh; Intel Mac OS X 11_5_2) AppleWebKit/537.36 (KHTML, like Gecko) QtWebEngine/5.12.10 Chrome/69.0.3497.128 Safari/537.36
2022-08-30 18:07:41	152.16.191.136	Mozilla/5.0 (Macintosh; Intel Mac OS X 11_5_2) AppleWebKit/537.36 (KHTML, like Gecko) QtWebEngine/5.12.10 Chrome/69.0.3497.128 Safari/537.36
2022-08-30 18:08:26	152.16.191.136	Mozilla/5.0 (Macintosh; Intel Mac OS X 11_5_2) AppleWebKit/537.36 (KHTML, like Gecko) QtWebEngine/5.12.10 Chrome/69.0.3497.128 Safari/537.36
2022-08-30 18:09:27	152.16.191.136	Mozilla/5.0 (Macintosh; Intel Mac OS X 11_5_2) AppleWebKit/537.36 (KHTML, like Gecko) QtWebEngine/5.12.10 Chrome/69.0.3497.128 Safari/537.36
2022-08-30 18:12:47	152.16.191.136	Mozilla/5.0 (Macintosh; Intel Mac OS X 11_5_2) AppleWebKit/537.36 (KHTML, like Gecko) QtWebEngine/5.12.10 Chrome/69.0.3497.128 Safari/537.36
2022-08-30 18:15:55	152.16.191.136	Mozilla/5.0 (Macintosh; Intel Mac OS X 11_5_2) AppleWebKit/537.36 (KHTML, like Gecko) QtWebEngine/5.12.10 Chrome/69.0.3497.128 Safari/537.36
2022-08-30 18:17:00	152.16.191.136	Mozilla/5.0 (Macintosh; Intel Mac OS X 11_5_2) AppleWebKit/537.36 (KHTML, like Gecko) QtWebEngine/5.12.10 Chrome/69.0.3497.128 Safari/537.36
2022-08-30 18:18:43	152.16.191.136	Mozilla/5.0 (Macintosh; Intel Mac OS X 11_5_2) AppleWebKit/537.36 (KHTML, like Gecko) QtWebEngine/5.12.10 Chrome/69.0.3497.128 Safari/537.36
2022-08-30 18:29:36	152.16.191.136	Mozilla/5.0 (Macintosh; Intel Mac OS X 11_5_2) AppleWebKit/537.36 (KHTML, like Gecko) QtWebEngine/5.12.10 Chrome/69.0.3497.128 Safari/537.36
2022-08-31 08:46:42	152.16.191.136	Mozilla/5.0 (Macintosh; Intel Mac OS X 11_5_2) AppleWebKit/537.36 (KHTML, like Gecko) QtWebEngine/5.12.10 Chrome/69.0.3497.128 Safari/537.36
2022-08-31 09:02:19	152.16.191.136	Mozilla/5.0 (Macintosh; Intel Mac OS X 11_5_2) AppleWebKit/537.36 (KHTML, like Gecko) QtWebEngine/5.12.10 Chrome/69.0.3497.128 Safari/537.36
2022-08-31 09:09:16	152.16.191.136	Mozilla/5.0 (Macintosh; Intel Mac OS X 11_5_2) AppleWebKit/537.36 (KHTML, like Gecko) QtWebEngine/5.12.10 Chrome/69.0.3497.128 Safari/537.36
2022-08-31 09:23:25	152.16.191.136	Mozilla/5.0 (Macintosh; Intel Mac OS X 11_5_2) AppleWebKit/537.36 (KHTML, like Gecko) QtWebEngine/5.12.10 Chrome/69.0.3497.128 Safari/537.36
2022-08-31 09:34:15	152.16.191.136	Mozilla/5.0 (Macintosh; Intel Mac OS X 11_5_2) AppleWebKit/537.36 (KHTML, like Gecko) QtWebEngine/5.12.10 Chrome/69.0.3497.128 Safari/537.36
2022-08-31 09:50:13	152.16.191.136	Mozilla/5.0 (Macintosh; Intel Mac OS X 11_5_2) AppleWebKit/537.36 (KHTML, like Gecko) QtWebEngine/5.12.10 Chrome/69.0.3497.128 Safari/537.36
2022-08-31 10:16:05	152.16.191.136	Mozilla/5.0 (Macintosh; Intel Mac OS X 11_5_2) AppleWebKit/537.36 (KHTML, like Gecko) QtWebEngine/5.12.10 Chrome/69.0.3497.128 Safari/537.36
2022-08-31 10:18:18	152.16.191.136	Mozilla/5.0 (Macintosh; Intel Mac OS X 11_5_2) AppleWebKit/537.36 (KHTML, like Gecko) QtWebEngine/5.12.10 Chrome/69.0.3497.128 Safari/537.36
2022-08-31 11:44:02	152.16.191.136	Mozilla/5.0 (Macintosh; Intel Mac OS X 11_5_2) AppleWebKit/537.36 (KHTML, like Gecko) QtWebEngine/5.12.10 Chrome/69.0.3497.128 Safari/537.36
2022-08-31 11:47:27	152.16.191.136	Mozilla/5.0 (Macintosh; Intel Mac OS X 11_5_2) AppleWebKit/537.36 (KHTML, like Gecko) QtWebEngine/5.12.10 Chrome/69.0.3497.128 Safari/537.36
2022-08-31 11:48:37	152.16.191.136	Mozilla/5.0 (Macintosh; Intel Mac OS X 11_5_2) AppleWebKit/537.36 (KHTML, like Gecko) QtWebEngine/5.12.10 Chrome/69.0.3497.128 Safari/537.36
2022-08-31 11:49:49	152.16.191.136	Mozilla/5.0 (Macintosh; Intel Mac OS X 11_5_2) AppleWebKit/537.36 (KHTML, like Gecko) QtWebEngine/5.12.10 Chrome/69.0.3497.128 Safari/537.36
2022-08-31 12:09:07	152.16.191.136	Mozilla/5.0 (Macintosh; Intel Mac OS X 11_5_2) AppleWebKit/537.36 (KHTML, like Gecko) QtWebEngine/5.12.10 Chrome/69.0.3497.128 Safari/537.36
2022-08-31 12:27:52	152.16.191.136	Mozilla/5.0 (Macintosh; Intel Mac OS X 11_5_2) AppleWebKit/537.36 (KHTML, like Gecko) QtWebEngine/5.12.10 Chrome/69.0.3497.128 Safari/537.36
2022-08-31 12:44:38	152.16.191.136	Mozilla/5.0 (Macintosh; Intel Mac OS X 11_5_2) AppleWebKit/537.36 (KHTML, like Gecko) QtWebEngine/5.12.10 Chrome/69.0.3497.128 Safari/537.36
2022-08-31 12:45:51	152.16.191.136	Mozilla/5.0 (Macintosh; Intel Mac OS X 11_5_2) AppleWebKit/537.36 (KHTML, like Gecko) QtWebEngine/5.12.10 Chrome/69.0.3497.128 Safari/537.36
2022-08-31 12:48:22	152.16.191.136	Mozilla/5.0 (Macintosh; Intel Mac OS X 11_5_2) AppleWebKit/537.36 (KHTML, like Gecko) QtWebEngine/5.12.10 Chrome/69.0.3497.128 Safari/537.36
2022-08-31 12:56:18	152.16.191.136	Mozilla/5.0 (Macintosh; Intel Mac OS X 11_5_2) AppleWebKit/537.36 (KHTML, like Gecko) QtWebEngine/5.12.10 Chrome/69.0.3497.128 Safari/537.36
2022-08-31 13:01:12	152.16.191.136	Mozilla/5.0 (Macintosh; Intel Mac OS X 11_5_2) AppleWebKit/537.36 (KHTML, like Gecko) QtWebEngine/5.12.10 Chrome/69.0.3497.128 Safari/537.36
2022-08-31 13:05:06	152.16.191.136	Mozilla/5.0 (Macintosh; Intel Mac OS X 11_5_2) AppleWebKit/537.36 (KHTML, like Gecko) QtWebEngine/5.12.10 Chrome/69.0.3497.128 Safari/537.36
2022-08-31 13:08:11	152.16.191.136	Mozilla/5.0 (Macintosh; Intel Mac OS X 11_5_2) AppleWebKit/537.36 (KHTML, like Gecko) QtWebEngine/5.12.10 Chrome/69.0.3497.128 Safari/537.36
2022-08-31 13:11:28	152.16.191.136	Mozilla/5.0 (Macintosh; Intel Mac OS X 11_5_2) AppleWebKit/537.36 (KHTML, like Gecko) QtWebEngine/5.12.10 Chrome/69.0.3497.128 Safari/537.36
2022-08-31 13:15:09	152.16.191.136	Mozilla/5.0 (Macintosh; Intel Mac OS X 11_5_2) AppleWebKit/537.36 (KHTML, like Gecko) QtWebEngine/5.12.10 Chrome/69.0.3497.128 Safari/537.36
2022-08-31 13:27:19	152.16.191.136	Mozilla/5.0 (Macintosh; Intel Mac OS X 11_5_2) AppleWebKit/537.36 (KHTML, like Gecko) QtWebEngine/5.12.10 Chrome/69.0.3497.128 Safari/537.36
2022-08-31 13:33:37	152.16.191.136	Mozilla/5.0 (Macintosh; Intel Mac OS X 11_5_2) AppleWebKit/537.36 (KHTML, like Gecko) QtWebEngine/5.12.10 Chrome/69.0.3497.128 Safari/537.36
2022-08-31 13:43:18	152.16.191.136	Mozilla/5.0 (Macintosh; Intel Mac OS X 11_5_2) AppleWebKit/537.36 (KHTML, like Gecko) QtWebEngine/5.12.10 Chrome/69.0.3497.128 Safari/537.36
2022-09-01 14:58:32	152.16.191.136	Mozilla/5.0 (Macintosh; Intel Mac OS X 11_5_2) AppleWebKit/537.36 (KHTML, like Gecko) QtWebEngine/5.12.10 Chrome/69.0.3497.128 Safari/537.36
2022-09-01 15:02:47	152.16.191.136	Mozilla/5.0 (Macintosh; Intel Mac OS X 11_5_2) AppleWebKit/537.36 (KHTML, like Gecko) QtWebEngine/5.12.10 Chrome/69.0.3497.128 Safari/537.36
2022-09-01 15:05:17	152.16.191.136	Mozilla/5.0 (Macintosh; Intel Mac OS X 11_5_2) AppleWebKit/537.36 (KHTML, like Gecko) QtWebEngine/5.12.10 Chrome/69.0.3497.128 Safari/537.36
2022-09-01 15:07:40	152.16.191.136	Mozilla/5.0 (Macintosh; Intel Mac OS X 11_5_2) AppleWebKit/537.36 (KHTML, like Gecko) QtWebEngine/5.12.10 Chrome/69.0.3497.128 Safari/537.36
2022-09-01 15:18:41	152.16.191.136	Mozilla/5.0 (Macintosh; Intel Mac OS X 11_5_2) AppleWebKit/537.36 (KHTML, like Gecko) QtWebEngine/5.12.10 Chrome/69.0.3497.128 Safari/537.36
2022-09-01 15:19:17	152.16.191.136	Mozilla/5.0 (Macintosh; Intel Mac OS X 11_5_2) AppleWebKit/537.36 (KHTML, like Gecko) QtWebEngine/5.12.10 Chrome/69.0.3497.128 Safari/537.36
2022-09-01 15:21:07	152.16.191.136	Mozilla/5.0 (Macintosh; Intel Mac OS X 11_5_2) AppleWebKit/537.36 (KHTML, like Gecko) QtWebEngine/5.12.10 Chrome/69.0.3497.128 Safari/537.36
2022-09-01 15:21:49	152.16.191.136	Mozilla/5.0 (Macintosh; Intel Mac OS X 11_5_2) AppleWebKit/537.36 (KHTML, like Gecko) QtWebEngine/5.12.10 Chrome/69.0.3497.128 Safari/537.36
2022-09-01 15:23:18	152.16.191.136	Mozilla/5.0 (Macintosh; Intel Mac OS X 11_5_2) AppleWebKit/537.36 (KHTML, like Gecko) QtWebEngine/5.12.10 Chrome/69.0.3497.128 Safari/537.36
2022-09-01 15:28:17	152.16.191.136	Mozilla/5.0 (Macintosh; Intel Mac OS X 11_5_2) AppleWebKit/537.36 (KHTML, like Gecko) QtWebEngine/5.12.10 Chrome/69.0.3497.128 Safari/537.36
2022-09-01 15:29:07	152.16.191.136	Mozilla/5.0 (Macintosh; Intel Mac OS X 11_5_2) AppleWebKit/537.36 (KHTML, like Gecko) QtWebEngine/5.12.10 Chrome/69.0.3497.128 Safari/537.36
2022-09-01 15:31:48	152.16.191.136	Mozilla/5.0 (Macintosh; Intel Mac OS X 11_5_2) AppleWebKit/537.36 (KHTML, like Gecko) QtWebEngine/5.12.10 Chrome/69.0.3497.128 Safari/537.36
2022-09-01 15:33:43	152.16.191.136	Mozilla/5.0 (Macintosh; Intel Mac OS X 11_5_2) AppleWebKit/537.36 (KHTML, like Gecko) QtWebEngine/5.12.10 Chrome/69.0.3497.128 Safari/537.36
2022-09-01 15:35:42	152.16.191.136	Mozilla/5.0 (Macintosh; Intel Mac OS X 11_5_2) AppleWebKit/537.36 (KHTML, like Gecko) QtWebEngine/5.12.10 Chrome/69.0.3497.128 Safari/537.36
2022-09-01 15:44:15	152.16.191.136	Mozilla/5.0 (Macintosh; Intel Mac OS X 11_5_2) AppleWebKit/537.36 (KHTML, like Gecko) QtWebEngine/5.12.10 Chrome/69.0.3497.128 Safari/537.36
2022-09-01 15:50:26	152.16.191.136	Mozilla/5.0 (Macintosh; Intel Mac OS X 11_5_2) AppleWebKit/537.36 (KHTML, like Gecko) QtWebEngine/5.12.10 Chrome/69.0.3497.128 Safari/537.36
2022-09-06 13:10:15	152.16.191.130	Mozilla/5.0 (Macintosh; Intel Mac OS X 11_5_2) AppleWebKit/537.36 (KHTML, like Gecko) QtWebEngine/5.12.10 Chrome/69.0.3497.128 Safari/537.36
2022-09-06 13:14:32	152.16.191.130	Mozilla/5.0 (Macintosh; Intel Mac OS X 11_5_2) AppleWebKit/537.36 (KHTML, like Gecko) QtWebEngine/5.12.10 Chrome/69.0.3497.128 Safari/537.36
2022-09-06 13:15:41	152.16.191.130	Mozilla/5.0 (Macintosh; Intel Mac OS X 11_5_2) AppleWebKit/537.36 (KHTML, like Gecko) QtWebEngine/5.12.10 Chrome/69.0.3497.128 Safari/537.36
2022-09-06 13:32:20	152.16.191.130	Mozilla/5.0 (Macintosh; Intel Mac OS X 11_5_2) AppleWebKit/537.36 (KHTML, like Gecko) QtWebEngine/5.12.10 Chrome/69.0.3497.128 Safari/537.36
2022-09-06 13:35:49	152.16.191.130	Mozilla/5.0 (Macintosh; Intel Mac OS X 11_5_2) AppleWebKit/537.36 (KHTML, like Gecko) QtWebEngine/5.12.10 Chrome/69.0.3497.128 Safari/537.36
2022-09-06 13:43:00	152.16.191.130	Mozilla/5.0 (Macintosh; Intel Mac OS X 11_5_2) AppleWebKit/537.36 (KHTML, like Gecko) QtWebEngine/5.12.10 Chrome/69.0.3497.128 Safari/537.36
2022-09-06 13:59:28	152.16.191.130	Mozilla/5.0 (Macintosh; Intel Mac OS X 11_5_2) AppleWebKit/537.36 (KHTML, like Gecko) QtWebEngine/5.12.10 Chrome/69.0.3497.128 Safari/537.36
2022-09-06 14:08:35	152.16.191.130	Mozilla/5.0 (Macintosh; Intel Mac OS X 11_5_2) AppleWebKit/537.36 (KHTML, like Gecko) QtWebEngine/5.12.10 Chrome/69.0.3497.128 Safari/537.36
2022-09-06 14:59:29	152.16.191.130	Mozilla/5.0 (Macintosh; Intel Mac OS X 11_5_2) AppleWebKit/537.36 (KHTML, like Gecko) QtWebEngine/5.12.10 Chrome/69.0.3497.128 Safari/537.36
2022-09-06 15:00:58	152.16.191.130	Mozilla/5.0 (Macintosh; Intel Mac OS X 11_5_2) AppleWebKit/537.36 (KHTML, like Gecko) QtWebEngine/5.12.10 Chrome/69.0.3497.128 Safari/537.36
2022-09-06 15:13:10	152.16.191.130	Mozilla/5.0 (Macintosh; Intel Mac OS X 11_5_2) AppleWebKit/537.36 (KHTML, like Gecko) QtWebEngine/5.12.10 Chrome/69.0.3497.128 Safari/537.36
2022-09-06 15:18:56	152.16.191.130	Mozilla/5.0 (Macintosh; Intel Mac OS X 11_5_2) AppleWebKit/537.36 (KHTML, like Gecko) QtWebEngine/5.12.10 Chrome/69.0.3497.128 Safari/537.36
2022-09-06 15:24:19	152.16.191.130	Mozilla/5.0 (Macintosh; Intel Mac OS X 11_5_2) AppleWebKit/537.36 (KHTML, like Gecko) QtWebEngine/5.12.10 Chrome/69.0.3497.128 Safari/537.36
2022-09-06 15:33:36	152.16.191.130	Mozilla/5.0 (Macintosh; Intel Mac OS X 11_5_2) AppleWebKit/537.36 (KHTML, like Gecko) QtWebEngine/5.12.10 Chrome/69.0.3497.128 Safari/537.36
2022-09-06 15:46:28	152.16.191.130	Mozilla/5.0 (Macintosh; Intel Mac OS X 11_5_2) AppleWebKit/537.36 (KHTML, like Gecko) QtWebEngine/5.12.10 Chrome/69.0.3497.128 Safari/537.36
2022-09-06 15:52:43	152.16.191.130	Mozilla/5.0 (Macintosh; Intel Mac OS X 11_5_2) AppleWebKit/537.36 (KHTML, like Gecko) QtWebEngine/5.12.10 Chrome/69.0.3497.128 Safari/537.36
2022-09-06 16:00:08	152.16.191.130	Mozilla/5.0 (Macintosh; Intel Mac OS X 11_5_2) AppleWebKit/537.36 (KHTML, like Gecko) QtWebEngine/5.12.10 Chrome/69.0.3497.128 Safari/537.36
2022-09-06 16:26:09	152.16.191.130	Mozilla/5.0 (Macintosh; Intel Mac OS X 11_5_2) AppleWebKit/537.36 (KHTML, like Gecko) QtWebEngine/5.12.10 Chrome/69.0.3497.128 Safari/537.36
2022-09-08 12:54:29	152.16.191.123	Mozilla/5.0 (Macintosh; Intel Mac OS X 11_5_2) AppleWebKit/537.36 (KHTML, like Gecko) QtWebEngine/5.12.10 Chrome/69.0.3497.128 Safari/537.36
2022-09-08 13:43:19	152.16.191.123	Mozilla/5.0 (Macintosh; Intel Mac OS X 11_5_2) AppleWebKit/537.36 (KHTML, like Gecko) QtWebEngine/5.12.10 Chrome/69.0.3497.128 Safari/537.36
2022-09-08 13:45:23	152.16.191.123	Mozilla/5.0 (Macintosh; Intel Mac OS X 11_5_2) AppleWebKit/537.36 (KHTML, like Gecko) QtWebEngine/5.12.10 Chrome/69.0.3497.128 Safari/537.36
2022-09-08 14:16:46	152.16.191.123	Mozilla/5.0 (Macintosh; Intel Mac OS X 11_5_2) AppleWebKit/537.36 (KHTML, like Gecko) QtWebEngine/5.12.10 Chrome/69.0.3497.128 Safari/537.36
2022-09-08 14:17:52	152.16.191.123	Mozilla/5.0 (Macintosh; Intel Mac OS X 11_5_2) AppleWebKit/537.36 (KHTML, like Gecko) QtWebEngine/5.12.10 Chrome/69.0.3497.128 Safari/537.36
2022-09-08 14:55:31	152.16.191.123	Mozilla/5.0 (Macintosh; Intel Mac OS X 11_5_2) AppleWebKit/537.36 (KHTML, like Gecko) QtWebEngine/5.12.10 Chrome/69.0.3497.128 Safari/537.36
2022-09-08 14:57:45	152.16.191.123	Mozilla/5.0 (Macintosh; Intel Mac OS X 11_5_2) AppleWebKit/537.36 (KHTML, like Gecko) QtWebEngine/5.12.10 Chrome/69.0.3497.128 Safari/537.36
2022-09-08 15:06:39	152.16.191.123	Mozilla/5.0 (Macintosh; Intel Mac OS X 11_5_2) AppleWebKit/537.36 (KHTML, like Gecko) QtWebEngine/5.12.10 Chrome/69.0.3497.128 Safari/537.36
2022-09-08 15:10:06	152.16.191.123	Mozilla/5.0 (Macintosh; Intel Mac OS X 11_5_2) AppleWebKit/537.36 (KHTML, like Gecko) QtWebEngine/5.12.10 Chrome/69.0.3497.128 Safari/537.36
2022-09-19 12:25:20	152.16.191.139	Mozilla/5.0 (Macintosh; Intel Mac OS X 11_5_2) AppleWebKit/537.36 (KHTML, like Gecko) QtWebEngine/5.12.10 Chrome/69.0.3497.128 Safari/537.36
2022-09-19 12:33:02	152.16.191.139	Mozilla/5.0 (Macintosh; Intel Mac OS X 11_5_2) AppleWebKit/537.36 (KHTML, like Gecko) QtWebEngine/5.12.10 Chrome/69.0.3497.128 Safari/537.36
